{
  "hash": "9d4d6115",
  "configHash": "4d918df9",
  "lockfileHash": "e1c639e4",
  "browserHash": "b587f261",
  "optimized": {
    "vue": {
      "src": "../../../../node_modules/vue/dist/vue.runtime.esm-bundler.js",
      "file": "vue.js",
      "fileHash": "84da2da3",
      "needsInterop": false
    },
    "vitepress > @vue/devtools-api": {
      "src": "../../../../node_modules/@vue/devtools-api/dist/index.js",
      "file": "vitepress___@vue_devtools-api.js",
      "fileHash": "a3d74044",
      "needsInterop": false
    },
    "vitepress > @vueuse/core": {
      "src": "../../../../node_modules/@vueuse/core/index.mjs",
      "file": "vitepress___@vueuse_core.js",
      "fileHash": "37337734",
      "needsInterop": false
    },
    "vitepress > @vueuse/integrations/useFocusTrap": {
      "src": "../../../../node_modules/@vueuse/integrations/useFocusTrap.mjs",
      "file": "vitepress___@vueuse_integrations_useFocusTrap.js",
      "fileHash": "a86641d0",
      "needsInterop": false
    },
    "vitepress > mark.js/src/vanilla.js": {
      "src": "../../../../node_modules/mark.js/src/vanilla.js",
      "file": "vitepress___mark__js_src_vanilla__js.js",
      "fileHash": "3bed9432",
      "needsInterop": false
    },
    "vitepress > minisearch": {
      "src": "../../../../node_modules/minisearch/dist/es/index.js",
      "file": "vitepress___minisearch.js",
      "fileHash": "21215c0d",
      "needsInterop": false
    },
    "vitepress-plugin-tabs/client": {
      "src": "../../../../node_modules/vitepress-plugin-tabs/src/client/index.ts",
      "file": "vitepress-plugin-tabs_client.js",
      "fileHash": "3db4e58f",
      "needsInterop": false
    }
  },
  "chunks": {
    "chunk-TULK623U": {
      "file": "chunk-TULK623U.js"
    },
    "chunk-CZX7GLWV": {
      "file": "chunk-CZX7GLWV.js"
    }
  }
}